Eksigent 5 Peptide Mix Std,,,,,,,,
,,,,,,,,
p/n 800-00208,,,,,,,,
,,,,,,,,
Sequence,,Ave Mass,,Exact Mass,,[M+H]+,,[M-H]-
,,,,,,,,
Gly-Tyr,,238.2,,238.09534,,239.10262,,237.08807
,,,,,,,,
Val-Tyr-Val,,379.5,,379.21070,,380.21798,,378.20342
,,,,,,,,
Tyr-Gly-Gly-Phe-Met,,573.7,,573.22570,,574.23297,,572.21842
,,,,,,,,
Tyr-Gly-Gly-Phe-Leu,,555.6,,555.26927,,556.27655,,554.26200
,,,,,,,,
Asp-Arg-Val-Tyr-Ile-His-Pro-Phe,,1046.2,,1045.53447,,1046.54175,,1044.52719
,,,,,,,,
,,,,,,[M+H]2+,,[M-H]2-
,,,,,,523.77452,,521.75996
